1,126,129,111,111,82,118,90,141,113,116,93,105,75,75,77,80,107,107,106,106,120,120,131,137
2,126,129,111,111,82,118,90,141,113,116,93,105,75,75,77,80,107,107,106,106,120,120,131,137
3,129,132,111,111,121,121,93,132,116,125,90,96,87,87,80,80,104,104,106,106,111,111,119,119
4,126,132,111,111,82,121,90,153,116,116,90,93,87,87,80,80,104,104,97,106,111,111,137,137
5,129,132,111,111,121,121,93,132,116,125,90,96,87,87,80,80,104,104,106,106,111,111,119,119
6,126,129,111,111,82,118,90,141,113,116,93,105,75,75,77,80,107,107,106,106,120,120,131,137
7,126,129,111,111,82,118,90,141,113,116,93,105,75,75,77,80,107,107,106,106,120,120,131,137
8,129,132,111,111,121,121,93,132,116,125,90,96,87,87,80,80,104,104,106,106,111,111,119,119
9,129,132,111,111,121,121,93,132,116,125,90,96,87,87,80,80,104,104,106,106,111,111,119,119
10,129,132,111,111,82,118,90,141,113,116,93,105,75,75,77,80,92,107,106,106,120,120,131,134
11,129,132,111,111,82,82,90,141,113,116,93,105,75,75,77,80,92,107,106,106,120,120,131,137
12,126,129,111,111,82,118,90,141,113,116,93,105,72,72,74,80,92,107,106,106,120,120,131,137
13,129,132,111,111,82,118,90,141,113,116,93,105,75,75,77,80,92,107,106,106,120,120,131,137
14,129,129,111,111,82,118,90,90,113,116,93,105,75,75,77,80,92,107,97,106,120,120,131,137
15,129,132,111,111,121,121,93,132,116,125,90,96,87,87,80,80,104,104,106,106,111,111,119,119
16,126,129,111,111,82,118,90,141,113,116,93,105,75,75,77,80,92,107,97,106,120,120,137,137
17,126,129,111,111,82,118,90,141,113,116,93,105,75,75,77,80,92,107,106,106,120,120,131,137
18,105,132,111,111,82,118,90,141,113,116,93,105,75,75,77,80,92,107,106,106,120,120,131,137
19,116,125,90,96,87,87,80,80,129,132,111,111,121,121,93,132,104,104,106,106,111,111,119,119
20,113,116,90,105,84,84,71,74,132,138,111,111,79,91,93,132,92,107,88,106,123,126,125,125
21,113,116,93,105,75,75,74,80,126,126,111,111,82,118,90,138,92,107,106,106,120,120,131,131
22,113,116,90,105,84,84,71,74,132,138,111,111,79,91,93,132,92,107,88,106,123,126,0,0
23,113,116,93,105,75,75,74,80,126,126,111,111,82,118,90,135,92,107,106,106,120,120,131,131
24,113,116,93,105,75,75,74,80,126,126,111,111,82,118,90,135,92,107,106,106,120,120,131,131
25,116,116,90,96,87,90,80,80,129,162,111,129,118,121,147,150,104,104,106,106,111,120,119,119
26,113,116,93,105,75,75,74,80,126,126,111,111,82,118,90,138,92,107,106,106,120,120,131,131
27,116,116,90,96,87,90,80,80,129,153,111,129,118,121,147,150,104,104,106,106,111,111,119,119
28,113,116,93,105,75,75,74,80,126,126,111,111,82,118,90,135,92,107,106,106,120,120,131,131
29,105,126,111,111,82,118,90,135,113,116,93,105,75,75,77,80,92,107,106,106,120,120,131,131
30,116,116,90,96,87,90,80,80,129,165,111,129,118,121,147,150,104,104,106,106,111,111,119,119
31,116,116,90,96,87,90,80,80,129,165,111,129,118,121,147,150,104,104,106,106,111,111,119,119
32,116,116,90,96,87,90,80,80,129,165,111,129,118,121,147,150,104,104,106,106,111,111,119,119
33,116,116,90,96,87,90,80,80,129,153,111,129,118,121,147,150,104,104,106,106,111,111,119,119
34,113,116,93,105,75,75,74,80,126,126,111,111,82,118,90,135,92,107,106,106,120,120,131,131
35,116,116,90,96,87,90,80,89,129,165,111,129,118,121,147,150,104,104,106,106,111,111,119,119
36,116,116,90,96,87,90,80,80,129,165,111,129,118,121,147,150,104,104,106,106,111,111,119,119
37,116,116,90,96,87,90,68,80,129,153,111,129,118,121,147,150,104,104,106,106,111,111,119,119
38,116,116,90,96,87,90,80,80,129,153,111,129,118,121,147,150,104,104,106,106,111,111,119,119
39,126,126,111,111,82,118,90,135,113,116,93,105,75,75,77,80,92,107,106,106,120,120,131,131
40,129,129,99,111,97,118,99,159,125,125,90,96,87,87,80,80,104,107,106,106,120,120,116,170
41,132,132,99,111,97,118,99,159,125,125,90,96,87,87,80,80,104,107,106,106,120,120,116,170
42,116,125,90,93,84,87,80,80,132,165,111,129,88,91,108,150,104,107,106,106,111,120,119,131
43,116,116,93,93,84,84,80,80,135,135,111,111,118,127,123,129,104,107,106,106,111,111,131,161
44,116,125,96,96,84,87,80,80,129,165,99,126,97,121,147,147,104,104,106,106,111,120,131,134
45,116,125,90,96,87,87,80,80,129,129,111,111,91,97,120,123,104,107,106,106,111,111,119,134
46,116,125,90,93,84,87,80,80,132,165,111,129,88,91,108,150,104,107,106,106,111,120,119,131
47,116,125,90,93,84,87,80,80,132,165,111,129,88,91,108,150,104,107,106,106,111,120,119,131
48,113,116,93,105,75,75,74,80,126,126,111,111,82,118,90,132,92,107,106,106,120,120,131,131
49,125,125,93,96,87,87,80,80,138,138,111,111,100,121,150,153,104,104,106,106,111,120,161,173
50,125,125,90,96,87,87,80,80,129,129,99,111,97,118,99,159,104,107,106,106,120,120,116,170
51,113,116,93,105,75,75,74,80,126,126,111,111,82,118,90,132,92,107,106,106,120,120,131,131
52,113,116,93,105,75,75,74,80,126,126,111,111,82,118,90,138,92,107,106,106,120,120,131,131
53,113,116,93,105,75,75,74,80,126,126,111,111,82,118,90,132,92,107,106,106,120,120,131,131
54,116,125,96,96,84,87,80,80,129,165,99,129,97,121,147,147,104,104,106,106,111,120,131,134
55,116,125,90,96,87,87,80,80,129,129,111,111,91,97,120,123,104,107,106,106,111,111,119,134
56,113,116,93,105,75,75,74,80,126,126,111,111,82,118,90,138,92,107,106,106,120,120,131,131
57,113,116,93,105,75,75,74,80,126,126,111,111,82,118,90,138,92,107,106,106,120,120,131,131
58,113,116,93,105,75,75,74,80,126,126,111,111,82,118,90,138,92,107,106,106,120,120,131,131
59,126,126,111,111,82,118,90,132,113,116,93,102,75,75,74,80,92,107,106,106,120,120,131,131
60,129,132,111,111,100,118,90,150,116,125,96,96,84,87,80,80,104,104,106,106,117,120,119,134
61,129,132,111,111,100,118,93,150,116,125,96,96,84,87,80,80,104,104,106,106,117,120,119,134
62,129,129,99,123,100,118,99,150,116,116,93,96,84,84,80,80,104,107,97,106,111,117,134,134
63,132,165,111,114,115,118,93,153,116,125,90,93,81,90,80,80,104,104,106,106,111,123,116,137
64,129,138,111,129,100,115,120,135,116,125,90,93,87,90,80,80,104,107,106,106,120,123,116,161
65,132,165,111,114,115,118,93,153,116,125,90,93,81,90,80,80,104,104,106,106,111,123,116,137
66,129,129,99,123,100,118,99,150,116,116,93,96,84,84,80,80,104,107,97,106,111,117,134,134
67,102,138,111,111,91,103,93,132,116,116,93,96,84,87,80,80,104,107,106,106,111,120,134,182
68,116,125,90,96,87,87,80,80,123,165,111,129,100,121,93,108,104,104,106,106,111,120,119,134
69,129,138,111,129,100,115,0,0,116,125,90,93,87,90,80,80,104,104,106,106,120,123,116,161
70,132,132,111,114,115,118,93,153,116,125,90,93,81,90,80,80,104,104,106,106,111,123,116,137
71,102,138,111,111,91,103,93,132,116,116,93,96,84,87,80,80,104,107,106,106,111,120,134,182
72,102,138,111,111,91,103,93,132,116,116,93,96,84,87,80,80,104,107,106,106,111,120,134,182
73,102,138,111,111,91,103,93,132,116,116,93,96,84,87,80,80,104,104,106,106,111,120,134,182
74,129,132,111,129,100,115,108,120,116,125,93,99,84,90,80,80,104,104,106,106,114,120,116,134
75,129,132,111,111,100,118,93,93,116,125,96,96,84,87,80,80,104,104,106,106,117,120,119,134
76,102,138,111,111,91,103,93,132,116,116,93,96,84,87,80,80,104,107,106,106,111,120,134,182
77,129,138,111,129,100,115,0,0,116,125,90,93,87,90,80,80,104,104,106,106,120,123,116,161
78,129,165,111,111,91,118,99,159,116,116,90,93,84,84,80,80,104,104,106,106,111,120,116,170
79,105,129,111,111,91,118,90,147,113,116,93,93,75,84,77,80,92,104,106,106,111,120,134,134
80,113,116,93,93,75,84,74,80,129,129,111,111,91,118,90,147,92,104,106,106,111,120,134,134
81,105,126,111,111,82,121,90,138,113,116,93,105,75,75,77,80,92,107,106,106,120,120,131,131
82,105,129,111,111,82,121,90,138,113,116,93,105,75,75,77,80,92,107,106,106,120,120,131,131
83,129,129,111,111,82,121,90,138,113,116,93,105,75,75,77,80,92,107,106,106,120,120,131,131
84,129,129,111,111,91,118,90,147,113,116,93,93,75,84,77,80,104,104,106,106,111,120,134,134
85,129,129,111,111,91,118,90,90,113,116,93,93,75,84,77,80,104,104,106,106,111,120,134,134
86,129,129,111,111,91,118,90,147,113,116,93,93,75,84,77,80,104,104,106,106,111,120,134,134
87,126,126,111,111,82,121,90,138,113,116,93,105,75,75,77,80,107,107,106,106,120,120,131,131
88,126,126,111,111,82,121,90,138,113,116,93,105,75,75,77,80,107,107,106,106,120,120,131,131
89,126,126,111,111,82,121,90,138,113,116,93,105,75,75,77,80,107,107,106,106,120,120,131,131
90,123,126,111,129,82,118,129,147,113,125,90,93,75,87,80,80,92,104,106,106,120,120,116,116
91,113,125,90,93,75,87,80,80,123,126,111,129,82,118,129,147,92,104,106,106,120,120,116,116
92,113,116,93,93,75,84,74,80,129,129,111,111,91,118,90,147,92,104,106,106,111,120,134,134
93,113,116,93,105,75,75,74,80,126,126,111,111,82,118,90,138,92,107,106,106,120,120,131,131
94,126,126,111,111,82,121,90,138,113,116,93,105,75,75,74,80,92,107,106,106,120,120,131,131
95,113,116,93,105,75,75,74,80,126,126,111,111,82,82,90,129,92,107,106,106,120,120,131,131
96,123,126,111,129,82,118,129,147,113,125,90,93,72,84,80,80,92,104,106,106,120,120,116,116
97,113,125,90,93,75,87,80,80,123,126,111,129,82,118,129,147,92,104,106,106,120,120,116,116
98,116,116,93,93,81,84,80,80,132,132,111,129,115,118,123,153,104,107,106,106,111,120,119,119
99,116,116,93,93,84,84,80,80,132,132,111,129,115,118,123,153,104,107,106,106,111,120,119,119
100,135,135,111,129,115,118,123,153,116,116,93,93,84,84,80,80,104,107,106,106,111,120,119,119
, ,,,,,,,,,,,,,,,,,,,,,,,
