1,129,135,126,129,115,118,126,147,116,116,90,93,84,87,80,80,104,104,106,109,117,123,131,131
2,132,135,111,111,103,115,114,132,116,125,90,90,84,87,80,80,92,104,103,115,111,111,140,143
3,120,168,126,126,103,103,147,156,116,116,90,96,87,90,80,80,104,104,106,109,120,120,131,131
4,132,138,111,138,106,148,138,159,116,116,93,102,84,84,80,80,104,104,106,106,117,123,131,140
5,135,138,120,123,106,112,93,114,116,125,90,93,81,84,80,80,104,104,106,112,117,117,131,134
6,126,141,129,129,103,103,141,141,116,116,93,93,84,84,80,80,92,104,106,106,114,120,131,131
7,129,135,126,129,100,112,141,159,116,125,90,93,81,84,80,83,95,104,103,106,117,120,137,140
8,132,135,111,111,103,115,114,132,116,125,90,90,84,87,80,80,92,104,103,115,111,111,140,143
9,129,135,111,111,100,112,138,147,116,116,90,93,84,87,80,80,104,107,106,109,117,120,122,131
10,138,180,120,138,100,103,135,141,116,116,90,93,84,84,80,80,104,104,106,106,114,117,131,134
11,126,129,114,129,106,124,120,138,116,116,90,90,84,87,80,86,104,110,109,112,117,120,131,131
12,126,135,126,129,94,103,120,141,116,125,90,93,84,87,80,80,104,110,106,109,114,120,131,131
13,120,120,111,111,106,106,114,123,116,116,90,90,81,81,80,80,104,104,103,109,117,117,131,131
14,117,129,111,129,112,124,123,156,116,116,90,102,87,87,80,83,92,104,106,109,117,120,140,140
15,129,135,111,111,100,112,138,147,116,116,90,93,81,84,77,80,104,107,106,109,117,120,122,131
16,135,180,120,135,100,103,135,141,116,116,90,93,84,84,80,80,104,104,106,106,114,117,131,134
17,126,129,114,129,106,124,120,138,116,116,90,90,84,87,80,86,104,110,109,112,117,120,131,131
18,126,129,114,129,106,124,120,138,110,110,81,81,69,75,68,68,104,110,109,112,117,120,131,131
19,132,141,111,129,100,130,144,147,116,116,90,90,84,84,80,80,104,107,103,112,120,126,131,131
20,117,132,111,129,112,115,144,147,116,125,93,93,81,84,80,80,104,107,106,106,117,117,122,140
21,129,132,126,126,112,118,93,141,116,116,93,93,84,84,80,83,104,107,106,109,117,123,122,131
22,135,180,120,135,100,103,135,141,116,116,90,93,84,84,80,80,104,104,106,106,114,117,131,134
23,126,129,114,129,106,124,120,138,116,116,90,90,84,87,80,86,104,110,109,112,117,120,131,131
24,126,129,111,126,94,118,123,147,116,116,90,93,84,90,80,83,104,104,106,106,117,117,134,137
25,126,129,111,126,94,118,123,147,116,116,90,93,84,90,80,83,104,104,106,106,117,117,134,137
26,117,129,111,123,112,127,129,141,116,116,93,93,84,87,80,80,104,104,109,112,120,120,140,140
27,129,129,111,111,100,115,120,123,116,116,90,96,75,84,80,80,104,104,106,106,117,117,134,134
28,126,129,111,126,94,118,123,147,116,116,90,93,84,90,80,83,104,104,106,106,117,117,134,137
29,126,129,111,126,94,118,123,147,116,116,90,93,84,90,80,83,104,104,106,106,117,117,134,137
30,126,129,111,126,94,118,123,147,116,116,90,93,84,90,80,83,104,104,106,106,117,117,134,137
31,129,129,111,129,100,112,132,138,116,116,93,96,84,87,80,80,104,104,91,103,120,120,131,140
32,126,129,111,126,94,118,123,147,116,116,90,93,84,90,80,83,104,104,106,106,117,117,134,137
33,126,129,111,126,94,118,123,147,116,116,90,93,81,90,80,83,104,104,106,106,117,117,134,137
34,129,129,111,129,100,112,132,138,116,116,93,96,84,87,80,80,104,104,91,103,120,120,131,140
35,129,129,111,135,94,94,138,147,116,125,90,93,81,84,80,80,104,107,91,106,117,120,134,140
36,126,129,111,126,94,118,123,147,116,116,90,93,81,90,80,83,104,104,106,106,117,117,134,137
37,126,129,111,126,94,118,123,147,116,116,90,93,84,90,80,83,104,104,106,106,117,117,134,137
38,129,129,111,129,100,112,132,138,116,116,93,96,84,87,80,80,104,104,91,103,120,120,131,140
39,129,135,111,129,100,124,135,141,116,116,90,93,84,90,80,80,104,107,106,112,117,123,131,131
40,129,129,129,132,100,121,123,150,116,116,93,96,84,84,77,80,92,104,106,106,114,126,131,131
41,135,135,111,111,100,103,123,123,116,116,90,93,78,81,80,80,104,107,106,112,120,120,131,134
42,135,135,111,132,100,103,123,123,116,116,90,96,75,81,80,80,104,107,106,112,120,120,131,131
43,129,135,111,129,94,100,114,150,116,125,93,93,84,84,83,83,104,104,106,106,117,123,137,140
44,129,129,111,129,94,145,135,144,116,116,90,90,84,87,80,80,104,104,106,106,123,123,137,140
45,132,138,111,132,100,103,123,150,116,116,93,96,78,84,80,80,104,104,106,106,114,114,131,134
46,132,138,111,129,103,127,120,150,116,116,93,96,78,84,80,80,104,104,106,109,120,120,134,134
47,129,135,111,111,121,124,144,159,116,116,90,93,84,84,80,80,104,107,103,106,117,126,131,131
48,129,135,111,111,121,124,144,159,116,116,90,93,84,84,80,80,104,107,106,106,117,126,131,131
49,129,135,111,132,100,103,123,150,116,116,93,96,78,84,80,80,104,104,106,106,114,114,131,134
50,129,135,111,132,100,103,123,150,116,116,93,96,78,84,80,80,104,104,106,106,114,114,131,134
51,129,135,111,111,121,124,144,159,116,116,90,93,84,84,80,80,104,107,106,106,117,126,131,131
52,129,135,111,111,121,124,144,159,116,116,90,93,84,84,80,80,104,107,106,106,117,126,131,131
53,129,129,129,135,100,121,123,150,116,116,93,96,84,84,80,80,92,104,106,106,114,126,131,131
54,129,135,111,132,100,103,123,150,116,116,93,96,78,84,80,80,104,104,106,106,114,114,131,134
55,129,129,111,129,100,121,159,159,116,116,93,93,84,90,80,80,104,104,106,106,117,126,131,131
56,129,129,129,132,100,100,135,138,116,116,93,93,84,87,80,80,104,104,109,112,114,123,131,131
57,129,132,111,129,121,121,135,153,116,116,93,93,78,87,80,80,104,107,91,109,117,117,131,131
58,129,132,111,129,121,121,135,153,116,116,93,93,78,87,80,80,104,107,91,109,117,117,131,131
59,129,132,111,132,121,121,135,153,116,116,93,93,78,87,80,80,104,107,91,109,117,117,131,131
60,129,132,111,129,121,121,135,153,116,116,93,93,75,87,80,80,104,107,91,109,117,117,131,131
61,129,132,111,129,103,121,141,153,116,116,90,93,84,87,80,80,104,107,91,109,117,117,131,131
62,132,132,111,129,106,121,141,141,116,116,93,93,84,87,80,80,104,104,91,112,111,117,131,140
63,129,132,111,129,121,121,135,153,116,116,93,93,75,87,80,80,104,107,91,109,117,117,131,131
64,132,135,111,129,121,121,135,153,116,116,93,93,78,87,80,80,104,107,91,109,117,117,131,131
65,129,132,111,129,121,121,135,153,116,116,90,93,78,87,77,80,104,107,91,109,114,117,131,131
66,129,132,111,129,121,121,135,153,116,116,93,93,78,87,80,80,104,107,91,109,117,117,131,131
67,129,132,111,129,103,121,141,153,116,116,90,93,81,87,80,80,104,107,91,109,117,117,131,131
68,129,129,111,129,100,109,93,147,116,116,90,90,84,84,80,83,92,107,103,103,117,117,131,131
69,129,132,111,129,121,121,135,153,116,116,93,93,78,87,80,80,104,107,91,109,117,117,131,131
70,129,132,111,129,121,121,135,153,116,116,93,93,75,87,80,80,104,107,91,109,117,117,131,131
71,129,132,111,129,121,121,135,153,116,116,93,93,75,87,80,80,104,107,91,109,117,117,131,131
72,129,132,111,129,121,121,135,153,116,116,93,93,78,87,80,83,104,107,91,109,117,117,131,131
73,129,132,111,129,121,121,135,153,116,116,93,93,78,87,80,80,104,107,91,109,117,117,131,131
74,129,129,126,126,118,127,135,141,116,125,90,90,81,90,80,80,104,107,106,106,120,120,125,134
75,129,132,111,129,121,121,135,153,116,116,93,93,78,87,80,80,104,107,91,109,117,117,131,131
76,129,132,111,129,121,121,135,156,116,116,93,93,78,87,80,80,104,107,91,109,117,117,131,131
77,129,132,111,129,121,121,135,153,116,116,93,93,78,87,80,80,104,107,91,109,117,117,131,131
78,129,132,111,129,121,121,135,153,116,116,93,93,78,87,80,80,104,107,91,109,117,117,131,131
79,129,132,111,129,121,121,135,153,116,116,93,93,78,87,80,80,104,107,91,109,117,117,131,131
80,129,129,123,126,100,103,135,147,116,116,93,96,84,84,80,80,107,107,106,115,111,111,122,131
81,129,129,129,132,106,106,93,153,116,116,93,96,84,87,80,80,104,104,106,106,117,120,131,140
82,129,129,129,132,106,106,93,153,116,116,93,96,84,87,80,80,104,104,106,106,117,120,131,140
83,129,129,135,135,103,115,114,132,116,116,87,90,84,90,80,80,104,104,103,109,117,117,134,134
84,129,129,129,132,106,106,93,153,116,116,93,96,84,87,80,80,104,104,106,106,117,120,131,140
85,129,129,129,132,106,106,93,153,116,116,93,96,84,87,80,80,104,104,106,106,117,117,0,0
86,126,129,117,126,103,130,114,150,116,116,90,93,84,84,80,83,104,107,106,106,117,120,131,134
87,132,141,126,129,103,139,120,150,125,125,93,93,84,84,80,80,104,104,106,106,120,120,131,140
88,126,129,123,132,100,112,138,156,116,116,90,93,84,84,80,80,104,104,91,109,120,120,131,137
89,126,129,123,135,100,115,114,132,116,116,87,90,84,90,80,80,92,104,103,112,117,120,131,131
90,126,129,111,111,100,115,120,126,116,116,90,90,84,90,80,80,104,104,109,109,111,120,131,134
91,129,135,123,135,112,115,138,159,116,116,90,96,84,84,80,80,104,107,106,109,117,117,131,131
92,126,129,0,0,100,115,114,132,116,116,87,90,84,90,80,80,92,104,103,112,117,123,131,131
93,126,129,123,135,100,115,114,132,116,116,87,90,84,90,80,80,92,104,103,112,117,120,131,131
94,126,129,123,135,100,115,114,132,116,116,87,90,84,90,80,80,92,104,103,112,117,123,131,131
